date,tavg,tmin,tmax,prcp,snow,wdir,wspd,wpgt,pres,tsun
2022-04-01 00:00:00,13.7,7.5,20.8,,,,8.3,,1024.3,
2022-04-02 00:00:00,17.4,10.4,24.9,,,,10,,1022,
2022-04-03 00:00:00,18.6,16.2,20.9,,,,11.2,,1017.1,
2022-04-04 00:00:00,20.4,17.8,23.3,,,,8.3,,1014.6,
2022-04-05 00:00:00,20.3,17.4,24.7,,,,7.9,,1017.4,
2022-04-06 00:00:00,20.5,15.5,27.3,,,,7.8,,1016.3,
2022-04-07 00:00:00,19.7,16.2,23.4,,,,7.9,,1014.7,
2022-04-08 00:00:00,20.6,17.9,24.4,,,,7.9,,1013.8,
2022-04-09 00:00:00,20.5,17.1,25.4,,,,7.8,,1014.5,
2022-04-10 00:00:00,21,15.9,27.1,,,,9.1,,1013.7,
2022-04-11 00:00:00,20.3,19,22,,,,10.2,,1009.8,
2022-04-12 00:00:00,20.7,18.3,24,,,,8.1,,1009.6,
2022-04-13 00:00:00,19.4,17.1,22.8,,,,7.8,,1012.9,
2022-04-14 00:00:00,16,12.5,19.5,,,,10.1,,1017.8,
2022-04-15 00:00:00,13.9,8.2,20,,,,7.8,,1019.6,
2022-04-16 00:00:00,14.9,9.7,21.7,,,,6.3,,1020.8,
2022-04-17 00:00:00,16.2,10.2,22.9,,,,6.6,,1021.2,
2022-04-18 00:00:00,17.6,12,24.7,,,,6.4,,1019.3,
2022-04-19 00:00:00,17.9,12.2,25,,,,5.8,,1018.4,
2022-04-20 00:00:00,18.4,11.9,26.1,,,,5.9,,1017.8,
2022-04-21 00:00:00,18.6,12.4,25.8,,,,5.8,,1013.5,
2022-04-22 00:00:00,19.8,15,26,,,,8.2,,1007.9,
2022-04-23 00:00:00,17.5,14.5,21.4,,,,12.9,,1007.7,
2022-04-24 00:00:00,17.4,9.7,27,,,,6.8,,1015.2,
2022-04-25 00:00:00,20.7,14.6,28.3,,,,10.3,,1014.1,
2022-04-26 00:00:00,22.7,19.2,28,,,,8.1,,1012,
2022-04-27 00:00:00,24.8,19.3,32.7,,,,11.3,,1010.1,
2022-04-28 00:00:00,21.4,17.7,25.4,,,,8.1,,1013.5,
2022-04-29 00:00:00,16,13.2,20.2,,,,9,,1022.3,
2022-04-30 00:00:00,15.2,10.3,19.4,,,,8.4,,1019.3,
2022-05-01 00:00:00,17.1,14.7,20.3,,,,7,,1014.2,
2022-05-02 00:00:00,14.7,14.2,16.2,,,,11.6,,1016.9,
2022-05-03 00:00:00,15.3,12.8,16.8,,,,13.4,,1013.5,
2022-05-04 00:00:00,16.6,14,18.7,,,,11.7,,1014,
2022-05-05 00:00:00,16.3,13.7,20.5,,,,8.6,,1020,
2022-05-06 00:00:00,14.4,9.2,21.2,,,,4.4,,1023.2,
2022-05-07 00:00:00,15.1,9,22.4,,,,5.2,,1023.6,
2022-05-08 00:00:00,15.4,9.3,23.5,,,,5.8,,1022.1,
2022-05-09 00:00:00,16.9,11.3,24.1,,,,5.3,,1020.9,
2022-05-10 00:00:00,16.9,13.6,20.2,,,,4.9,,1016.6,
2022-05-11 00:00:00,15.9,14.2,19.1,,,,8.8,,1015.6,
2022-05-12 00:00:00,14.2,11.6,18.5,,,,6.1,,1019,
2022-05-13 00:00:00,13.7,7.9,20.9,,,,5.8,,1019.2,
2022-05-14 00:00:00,15.5,10.8,20.5,,,,6.3,,1017.1,
2022-05-15 00:00:00,15.5,14,17.8,,,,7.3,,1014.7,
2022-05-16 00:00:00,11.7,9.9,13.9,,,,17.4,,1018.6,
2022-05-17 00:00:00,9.4,6.4,11.9,,,,27.4,,1014.6,
2022-05-18 00:00:00,10.1,6.1,13.6,,,,24.5,,1012.9,
2022-05-19 00:00:00,11.4,8.8,15.5,,,,10.4,,1019.5,
2022-05-20 00:00:00,10.4,6.1,17.4,,,,5,,1021.7,
2022-05-21 00:00:00,11.1,4.9,19.6,,,,3.8,,1023,
2022-05-22 00:00:00,12.4,7.2,19.2,,,,3.9,,1022.3,
2022-05-23 00:00:00,14.8,8.8,23,,,,4.6,,1019.9,
2022-05-24 00:00:00,16.9,10.6,25.2,,,,5.5,,1019.2,
2022-05-25 00:00:00,18.8,13,26.7,,,,7,,1019.1,
2022-05-26 00:00:00,17.5,15.5,20.2,,,,7.2,,1020.6,
2022-05-27 00:00:00,17.5,15.6,20,,,,7.2,,1017.3,
2022-05-28 00:00:00,18.1,15.9,21.5,,,,9,,1013.5,
2022-05-29 00:00:00,17.4,15.5,19.7,,,,11.2,,1011.7,
2022-05-30 00:00:00,13.3,11.5,15.4,,,,12,,1017.6,
2022-05-31 00:00:00,11.7,8.8,14.5,,,,11,,1021.1,
2022-06-01 00:00:00,12.1,10.1,14.6,,,,10.7,,1020.6,
2022-06-02 00:00:00,,,,,,,,,,
2022-06-03 00:00:00,,,,,,,,,,
2022-06-04 00:00:00,,,,,,,,,,
2022-06-05 00:00:00,,,,,,,,,,
2022-06-06 00:00:00,,,,,,,,,,
2022-06-07 00:00:00,,,,,,,,,,
2022-06-08 00:00:00,,,,,,,,,,
2022-06-09 00:00:00,,,,,,,,,,
2022-06-10 00:00:00,,,,,,,,,,
2022-06-11 00:00:00,,,,,,,,,,
2022-06-12 00:00:00,,,,,,,,,,
2022-06-13 00:00:00,,,,,,,,,,
2022-06-14 00:00:00,12.3,6.9,21.1,,,,4.8,,1021.6,
2022-06-15 00:00:00,12.8,6.9,22,,,,4.8,,1019.5,
2022-06-16 00:00:00,15.3,8,25.1,,,,5.8,,1015.1,
2022-06-17 00:00:00,15.5,12.5,17.6,,,,12.2,,1008.3,
2022-06-18 00:00:00,9.8,5.6,13.9,,,,12.3,,1020.8,
2022-06-19 00:00:00,9,2.2,18.1,,,,4.4,,1022.1,
2022-06-20 00:00:00,12.4,6.1,21.4,,,,5.1,,1019.1,
2022-06-21 00:00:00,13.7,10.5,17,,,,7.8,,1014.3,
2022-06-22 00:00:00,14.8,12.8,16.6,,,,7.2,,1012.1,
2022-06-23 00:00:00,15,13,17.4,,,,7.4,,1015.3,
2022-06-24 00:00:00,14.9,12.8,17.5,,,,7.7,,1019,
2022-06-25 00:00:00,12.1,9.6,14.4,,,,9.4,,1025.4,
2022-06-26 00:00:00,10.3,6.8,16,,,,8,,1024.2,
2022-06-27 00:00:00,14.2,9.4,21.4,,,,6.4,,1019.3,
2022-06-28 00:00:00,15.9,12,21.3,,,,8.5,,1014.6,
2022-06-29 00:00:00,11.8,7.7,15.3,,,,15.9,,1017.3,
2022-06-30 00:00:00,10.4,4.4,19.3,,,,5.7,,1018.8,
2022-07-01 00:00:00,12.3,4.7,22,,,,7.6,,1016.4,
2022-07-02 00:00:00,17.9,11.9,25.8,,,,9.8,,1013.6,
2022-07-03 00:00:00,16.3,14.5,19.6,,,,8.3,,1019.5,
2022-07-04 00:00:00,19.9,15.7,26.6,,,,8.4,,1017.2,
2022-07-05 00:00:00,19.9,16,25.8,,,,7.2,,1015.4,
2022-07-06 00:00:00,19.4,15.7,26.2,,,,7.9,,1014.4,
2022-07-07 00:00:00,18.8,15.6,24.5,,,,7,,1015.3,
2022-07-08 00:00:00,16.3,14.1,20.6,,,,10.2,,1022,
2022-07-09 00:00:00,17.9,12.9,25.8,,,,9.7,,1019.2,
2022-07-10 00:00:00,19.1,13.4,27.1,,,,9,,1014.3,
2022-07-11 00:00:00,20.7,15.9,26.7,,,,13.2,,1006,
2022-07-12 00:00:00,13.9,8.4,19.4,,,,18,,1015.8,
2022-07-13 00:00:00,10.8,4.7,18.9,,,,8.3,,1021.5,
2022-07-14 00:00:00,14.1,10.7,17.8,,,,11.5,,1015.6,
2022-07-15 00:00:00,18.4,15.3,22.6,,,,10.2,,1009.6,
2022-07-16 00:00:00,18.7,14.8,22.6,,,,16.4,,1005.9,
2022-07-17 00:00:00,10.9,7.1,14.2,,,,16.8,,1021.5,
2022-07-18 00:00:00,11.4,4.6,20.6,,,,5.6,,1023.6,
2022-07-19 00:00:00,12.8,9.2,18.3,,,,7.2,,1024.1,
2022-07-20 00:00:00,16.6,10.6,25.5,,,,7.2,,1019.6,
2022-07-21 00:00:00,19.3,14.2,27,,,,7.8,,1015.4,
2022-07-22 00:00:00,20,15.4,26.7,,,,6.2,,1015.7,
2022-07-23 00:00:00,19.5,15.9,25.6,,,,6.9,,1016,
2022-07-24 00:00:00,20.6,15.9,28.5,,,,6.1,,1017.2,
2022-07-25 00:00:00,20.2,14.2,28.7,,,,6.1,,1019.1,
2022-07-26 00:00:00,19,13.9,27.3,,,,7.2,,1019.9,
2022-07-27 00:00:00,18.2,12.5,26.2,,,,5.8,,1017.3,
2022-07-28 00:00:00,19.1,14.9,25.1,,,,11.6,,1008.9,
2022-07-29 00:00:00,11.2,8.6,15.2,,,,17.9,,1015.9,
2022-07-30 00:00:00,10.5,5.7,17.7,,,,5.8,,1019.9,
2022-07-31 00:00:00,12.5,5.6,22.1,,,,5,,1018.5,
2022-08-01 00:00:00,14.1,8,22.5,,,,5.4,,1017.6,
2022-08-02 00:00:00,15.3,9.1,22.6,,,,7.1,,1017.4,
2022-08-03 00:00:00,18.6,12.5,26.6,,,,9.5,,1014,
2022-08-04 00:00:00,19,16.2,22.4,,,,15,,1007.7,
2022-08-05 00:00:00,13.8,9.9,17,,,,14.2,,1016.4,
2022-08-06 00:00:00,10.6,5.9,15.3,,,,9.7,,1019.6,
2022-08-07 00:00:00,13.5,9.9,17.4,,,,12.1,,1016.6,
2022-08-08 00:00:00,14.3,12,18,,,,12,,1019.6,
2022-08-09 00:00:00,12.7,11.3,14.8,,,,13.4,,1021.4,
2022-08-10 00:00:00,11,9.2,14.2,,,,15.1,,1022.7,
2022-08-11 00:00:00,11.7,6.4,19,,,,6.9,,1024.4,
2022-08-12 00:00:00,13.8,8.2,21.4,,,,7.9,,1022.1,
2022-08-13 00:00:00,15.2,10.2,22.3,,,,6.3,,1020.3,
2022-08-14 00:00:00,16.6,10.8,23.4,,,,6.6,,1017,
2022-08-15 00:00:00,20,15.4,24.7,,,,10.6,,1006.9,
2022-08-16 00:00:00,16.6,13.8,19.8,,,,9.6,,1010.9,
2022-08-17 00:00:00,17.5,12.1,24.2,,,,8.3,,1009,
2022-08-18 00:00:00,12.4,7.7,17.2,,,,12.9,,1014.1,
2022-08-19 00:00:00,7,2.8,13,,,,9.8,,1031.5,
2022-08-20 00:00:00,8.6,0.9,17.8,,,,7.3,,1030.6,
2022-08-21 00:00:00,11.6,4.5,20.7,,,,5.7,,1027.1,
2022-08-22 00:00:00,13.1,7,20.9,,,,6.9,,1024.7,
2022-08-23 00:00:00,15,9.1,23.6,,,,7.9,,1022.9,
2022-08-24 00:00:00,17.1,10.9,25.5,,,,6.1,,1021.2,
2022-08-25 00:00:00,19,12,28.8,,,,5.7,,1019.7,
2022-08-26 00:00:00,19.8,13.1,29.1,,,,5.9,,1018,
2022-08-27 00:00:00,21.2,14.1,30.9,,,,9.1,,1013.3,
2022-08-28 00:00:00,12.5,7.3,18.7,,,,13.4,,1024.7,
2022-08-29 00:00:00,8.3,4.1,13.4,,,,10.3,,1033,
2022-08-30 00:00:00,11.4,3.9,20.4,,,,10.6,,1028.2,
2022-08-31 00:00:00,14.5,7.6,23.1,,,,8.2,,1021.7,
2022-09-01 00:00:00,17.7,10.2,26.7,,,,8.3,,1014.4,
2022-09-02 00:00:00,17.3,14.7,19.6,,,,10.5,,1014.5,
2022-09-03 00:00:00,11.6,8.2,14.9,,,,11.2,,1024.7,
2022-09-04 00:00:00,10.7,4,18.8,,,,7.8,,1026.9,
2022-09-05 00:00:00,13.8,6.5,22.1,,,,8.3,,1024.8,
2022-09-06 00:00:00,16.2,12.1,21.5,,,,9.1,,1022.2,
2022-09-07 00:00:00,17.6,13.9,23.4,,,,8,,1014.7,
2022-09-08 00:00:00,20,12.4,28.9,,,,7.2,,1009.8,
2022-09-09 00:00:00,21.8,17.7,26.4,,,,12.6,,1008.9,
2022-09-10 00:00:00,13,8.6,16.8,,,,12.5,,1020.8,
2022-09-11 00:00:00,11.7,4.6,19.2,,,,8.9,,1021,
2022-09-12 00:00:00,16,10.9,21.6,,,,7.7,,1014.1,
2022-09-13 00:00:00,16.6,13.7,21.5,,,,8.6,,1014.2,
2022-09-14 00:00:00,15,12,19.5,,,,9.7,,1020,
2022-09-15 00:00:00,15,11.6,19.9,,,,10.1,,1022.6,
2022-09-16 00:00:00,16,11.1,22.8,,,,14.2,,1023.8,
2022-09-17 00:00:00,16.8,10.3,24.5,,,,14.1,,1023.4,
2022-09-18 00:00:00,17.3,10.2,24.7,,,,12.1,,1017.9,
2022-09-19 00:00:00,15.3,13.9,16.8,,,,8.4,,1014.4,
2022-09-20 00:00:00,16.5,12.9,22,,,,8.7,,1014,
2022-09-21 00:00:00,16.3,12.3,21,,,,8.8,,1012.8,
2022-09-22 00:00:00,14.7,11.6,17.6,,,,16.4,,1011.7,
2022-09-23 00:00:00,11.7,7.3,18.1,,,,16.8,,1018.8,
2022-09-24 00:00:00,13.2,5.7,21.3,,,,7.9,,1020.5,
2022-09-25 00:00:00,15.7,10.5,21.8,,,,8.6,,1016.8,
2022-09-26 00:00:00,17.9,13.1,23.9,,,,7.6,,1014.3,
2022-09-27 00:00:00,18.5,13.1,25.1,,,,8.5,,1017.7,
2022-09-28 00:00:00,16,12.3,21.3,,,,14.6,,1022.9,
2022-09-29 00:00:00,15.4,11.7,20.1,,,,14,,1023.4,
2022-09-30 00:00:00,16.3,12.3,21.4,,,,9,,1020.6,
2022-10-01 00:00:00,17,13.4,22.4,,,,8.4,,1018.7,
2022-10-02 00:00:00,16.3,12.2,21.7,,,,8,,1020.5,
2022-10-03 00:00:00,15.5,11.1,21.3,,,,8.9,,1018.3,
2022-10-04 00:00:00,15.3,9.1,22.2,,,,9.6,,1016,
2022-10-05 00:00:00,18.4,10.8,26.7,,,,10.7,,1013.6,
2022-10-06 00:00:00,18.3,16.4,20.7,,,,12.3,,1006.9,
2022-10-07 00:00:00,17.8,14.7,22.2,,,,21.8,,1008.3,
2022-10-08 00:00:00,18.2,10.5,26.1,,,,8.6,,1010.6,
2022-10-09 00:00:00,14.4,11.3,16.9,,,,11.4,,1018.2,
2022-10-10 00:00:00,12.3,8.6,15.3,,,,13.4,,1021.2,
2022-10-11 00:00:00,16.6,12.5,20,,,,8.5,,1016,
2022-10-12 00:00:00,17.8,15.1,21.9,,,,10.3,,1015,
2022-10-13 00:00:00,18.9,12.2,25.9,,,,8.3,,1016.1,
2022-10-14 00:00:00,16.9,15,19.4,,,,16,,1024.4,
2022-10-15 00:00:00,18,13.5,23.4,,,,17.8,,1024,
2022-10-16 00:00:00,19.1,15.8,24.1,,,,9.9,,1017.3,
2022-10-17 00:00:00,19,15.5,23.6,,,,11.8,,1017.8,
2022-10-18 00:00:00,18.7,15.5,22.8,,,,15.3,,1019.4,
2022-10-19 00:00:00,20.3,15.6,27.1,,,,9.3,,1015.5,
2022-10-20 00:00:00,20.5,17.4,24.6,,,,8.7,,1009.7,
2022-10-21 00:00:00,20,17.8,23.6,,,,11.4,,1006.6,
2022-10-22 00:00:00,18.9,15.5,23.5,,,,9,,1015.3,
2022-10-23 00:00:00,18.4,13.3,24.7,,,,9.8,,1017.1,
2022-10-24 00:00:00,17.7,11.3,24.6,,,,9.7,,1018,
2022-10-25 00:00:00,20.5,13.8,28.7,,,,10.5,,1015.4,
2022-10-26 00:00:00,22.8,15,31.4,,,,10.4,,1009.4,
2022-10-27 00:00:00,21.4,17.9,25.9,,,,12,,1010.3,
2022-10-28 00:00:00,21.9,13.2,30.2,,,,8.6,,1011.1,
2022-10-29 00:00:00,22.8,16.2,29.6,,,,9.9,,1007.3,
2022-10-30 00:00:00,23.7,20.1,28.4,,,,12.4,,1003.8,
2022-10-31 00:00:00,15.8,11.8,20.4,,,,14.3,,1015.7,
2022-11-01 00:00:00,11.7,8.4,15.3,,,,12.7,,1027.2,
2022-11-02 00:00:00,13.4,7.1,20.4,,,,8.5,,1028.8,
2022-11-03 00:00:00,16,8.6,23.5,,,,8,,1026.4,
2022-11-04 00:00:00,16,10,22.4,,,,11,,1022.9,
2022-11-05 00:00:00,17.1,10.7,24.4,,,,13.1,,1021,
2022-11-06 00:00:00,17.3,12.6,22.6,,,,14.6,,1022.3,
2022-11-07 00:00:00,16.6,12.5,21.8,,,,13,,1021.6,
2022-11-08 00:00:00,16.3,12.2,21.1,,,,11.1,,1019.6,
2022-11-09 00:00:00,17.7,12.1,24.2,,,,10.4,,1016.5,
2022-11-10 00:00:00,20.1,12.8,28.2,,,,9.9,,1015,
2022-11-11 00:00:00,20.3,17.1,24.6,,,,9.6,,1013.7,
2022-11-12 00:00:00,22.5,16.7,29.7,,,,9.8,,1011.1,
2022-11-13 00:00:00,22.6,19.1,26,,,,10.6,,1008.5,
2022-11-14 00:00:00,22.1,19.6,25.9,,,,16.7,,1007.1,
2022-11-15 00:00:00,21.1,15.9,27,,,,17.7,,1013,
2022-11-16 00:00:00,21.9,14.8,29.4,,,,10.4,,1017.6,
2022-11-17 00:00:00,22.1,14.3,30.2,,,,10.6,,1018.2,
2022-11-18 00:00:00,22.8,14.3,31.9,,,,11.6,,1016.5,
2022-11-19 00:00:00,24,16.3,32.8,,,,11.9,,1013.6,
2022-11-20 00:00:00,24.8,17.1,33.5,,,,11.6,,1011.7,
2022-11-21 00:00:00,24.6,19.9,30.6,,,,10.9,,1010.5,
2022-11-22 00:00:00,22,20.3,24.3,,,,10.3,,1010.7,
2022-11-23 00:00:00,21.3,18,25.5,,,,9.7,,1012.4,
2022-11-24 00:00:00,21.8,16.8,28,,,,10.1,,1014.3,
2022-11-25 00:00:00,21.2,14.7,27.6,,,,12.6,,1017.4,
2022-11-26 00:00:00,22.4,16.9,27.5,,,,15.4,,1018.8,
2022-11-27 00:00:00,23.6,20.3,27.5,,,,19.9,,1017.6,
2022-11-28 00:00:00,22.8,18.3,28.3,,,,19.4,,1013.9,
2022-11-29 00:00:00,23.4,19.2,28.4,,,,17.7,,1009.4,
2022-11-30 00:00:00,23.5,19,28.3,,,,14.7,,1006.5,
2022-12-01 00:00:00,25,20.1,30.4,,,,10.8,,1006.5,
2022-12-02 00:00:00,26.1,20.9,32.5,,,,11,,1009.1,
2022-12-03 00:00:00,24.7,21.8,28.9,,,,9.1,,1009.9,
2022-12-04 00:00:00,24.4,21.8,28.2,,,,9.6,,1008.9,
2022-12-05 00:00:00,23.9,20.1,28.1,,,,11.4,,1011.5,
2022-12-06 00:00:00,25,19.6,30.9,,,,11.2,,1013.2,
2022-12-07 00:00:00,24.9,18.8,31.8,,,,11,,1011.9,
2022-12-08 00:00:00,26.6,18.5,35.3,,,,12,,1007.7,
2022-12-09 00:00:00,28.5,21.6,36.6,,,,11.3,,1007.7,
2022-12-10 00:00:00,27.8,21.8,35.4,,,,11.9,,1008.5,
2022-12-11 00:00:00,27.4,22,34.3,,,,10.6,,1008.6,
2022-12-12 00:00:00,25.7,21.3,31.7,,,,14.9,,1004.1,
2022-12-13 00:00:00,20.3,16.2,25.2,,,,13.6,,1009.7,
2022-12-14 00:00:00,22,15,30.6,,,,11,,1012.3,
2022-12-15 00:00:00,24.1,16.6,32.6,,,,12.4,,1010.4,
2022-12-16 00:00:00,21.7,18.6,24.9,,,,14.5,,1011.6,
2022-12-17 00:00:00,20.3,14.4,26.6,,,,14.5,,1011.4,
2022-12-18 00:00:00,20.3,16.9,24.3,,,,15.7,,1013.4,
2022-12-19 00:00:00,21.6,18.8,25.1,,,,15.3,,1014.9,
2022-12-20 00:00:00,22.3,18.3,27.6,,,,14.3,,1014.1,
2022-12-21 00:00:00,23.2,18.5,29.1,,,,15.7,,1015,
2022-12-22 00:00:00,23.4,17.1,31.2,,,,12.8,,1014.3,
2022-12-23 00:00:00,24.7,17.1,33.5,,,,12.7,,1012.8,
2022-12-24 00:00:00,25.6,18.3,34.2,,,,13.5,,1011.6,
2022-12-25 00:00:00,24.8,19.7,31.5,,,,11.5,,1012.8,
2022-12-26 00:00:00,23.2,20.2,26.6,,,,11.4,,1013.2,
2022-12-27 00:00:00,21.8,17.3,26.2,,,,9.8,,1012,
2022-12-28 00:00:00,21.7,19.3,25.7,,,,12,,1010.1,
2022-12-29 00:00:00,22.2,16.5,28.5,,,,13.1,,1013,
2022-12-30 00:00:00,23.7,15.6,32,,,,10.5,,1014,
2022-12-31 00:00:00,26.3,18.4,35,,,,11.7,,1012.7,
2023-01-01 00:00:00,28,20.6,36.1,,,,12.5,,1011.4,
2023-01-02 00:00:00,25.3,22.6,28.8,,,,12.7,,1007.7,
2023-01-03 00:00:00,24.1,21,28.3,,,,11.4,,1008.3,
2023-01-04 00:00:00,23.4,18.4,29.7,,,,12,,1010.9,
2023-01-05 00:00:00,24,16.4,32.2,,,,12.1,,1013.7,
2023-01-06 00:00:00,23.4,16.6,30.5,,,,14.8,,1017.6,
2023-01-07 00:00:00,23.5,16.8,30.2,,,,15.9,,1019.8,
2023-01-08 00:00:00,23.8,17.3,31.3,,,,13.1,,1018.1,
2023-01-09 00:00:00,24.6,18.2,32.6,,,,12.2,,1014.4,
2023-01-10 00:00:00,24.4,18.9,30.8,,,,11.3,,1012.3,
2023-01-11 00:00:00,25.7,18.8,33.8,,,,12.5,,1010.7,
2023-01-12 00:00:00,26.8,20.3,34.2,,,,11.6,,1008.1,
2023-01-13 00:00:00,24.1,20.6,29,,,,9.8,,1007.3,
2023-01-14 00:00:00,23.8,20.2,27.9,,,,11.8,,1009.8,
2023-01-15 00:00:00,23.3,20.8,26.1,,,,9.7,,1014.1,
2023-01-16 00:00:00,25,19.9,30.9,,,,10.4,,1013.8,
2023-01-17 00:00:00,26.1,20.8,31.9,,,,12.7,,1015.4,
2023-01-18 00:00:00,25.8,21.3,30.7,,,,14.1,,1017,
2023-01-19 00:00:00,25.4,20.8,31.1,,,,12.7,,1016.1,
2023-01-20 00:00:00,26.2,20.3,33.6,,,,12,,1011,
2023-01-21 00:00:00,26.4,20.8,33.9,,,,12.4,,1006.6,
2023-01-22 00:00:00,25.9,20.6,31.5,,,,12.4,,1006.3,
2023-01-23 00:00:00,25.8,20.7,31.9,,,,10,,1009,
2023-01-24 00:00:00,26.5,19,34.7,,,,11.7,,1008.9,
2023-01-25 00:00:00,27.8,20.3,36.2,,,,11.9,,1009.4,
2023-01-26 00:00:00,27.3,21.9,35,,,,12.1,,1010.1,
2023-01-27 00:00:00,27.7,20.1,36.4,,,,12.1,,1011.5,
2023-01-28 00:00:00,28.7,22.1,36.9,,,,12.2,,1011.1,
2023-01-29 00:00:00,24.9,22.2,28.3,,,,10.3,,1011.7,
2023-01-30 00:00:00,25.7,20.7,32.4,,,,10.1,,1008.9,
2023-01-31 00:00:00,25.9,20.8,32.4,,,,11.6,,1008.4,
2023-02-01 00:00:00,26.9,21.2,33.3,,,,11.4,,1011.5,
2023-02-02 00:00:00,26.6,21.2,32.9,,,,11,,1011.1,
2023-02-03 00:00:00,24.8,22.3,27.7,,,,10.6,,1009.4,
2023-02-04 00:00:00,23.9,20.3,28,,,,13.2,,1011.1,
2023-02-05 00:00:00,23.3,17.7,29.1,,,,15.5,,1012.7,
2023-02-06 00:00:00,25.2,18.7,32.1,,,,10.5,,1013,
2023-02-07 00:00:00,25.5,18.3,33.9,,,,11.1,,1012.7,
2023-02-08 00:00:00,26.5,19,35.1,,,,12.3,,1012,
2023-02-09 00:00:00,25.2,21.3,30.1,,,,11.9,,1012.6,
2023-02-10 00:00:00,26.4,20.4,33.8,,,,11.2,,1012.2,
2023-02-11 00:00:00,26.7,19.6,34.8,,,,11.9,,1013,
2023-02-12 00:00:00,27.4,20,36.5,,,,12.6,,1011.9,
2023-02-13 00:00:00,28.5,20.8,37.2,,,,12.8,,1009.9,
2023-02-14 00:00:00,27.2,23.1,32.8,,,,12.1,,1007.8,
2023-02-15 00:00:00,24.8,21,29.8,,,,11.1,,1006.8,
2023-02-16 00:00:00,25.8,19.8,32.5,,,,10.4,,1003.4,
2023-02-17 00:00:00,22.7,18.5,25.6,,,,13.5,,1005.9,
2023-02-18 00:00:00,17.2,12.4,22.5,,,,12.7,,1019.4,
2023-02-19 00:00:00,19.1,10.7,26.7,,,,12.7,,1021.4,
2023-02-20 00:00:00,20.6,17.1,23.9,,,,9,,1018,
2023-02-21 00:00:00,22.1,17.9,26.6,,,,10.2,,1015.6,
2023-02-22 00:00:00,23,16.7,30,,,,10.6,,1017,
2023-02-23 00:00:00,23.7,19.3,29.3,,,,10.6,,1016.1,
2023-02-24 00:00:00,22.5,19.6,25.8,,,,8.5,,1011.9,
2023-02-25 00:00:00,23.4,19.3,27.7,,,,13,,1009.1,
2023-02-26 00:00:00,24.1,19.3,30,,,,10.7,,1014.4,
2023-02-27 00:00:00,24.2,18.2,30.9,,,,9.4,,1019.6,
2023-02-28 00:00:00,24.4,17.8,31.9,,,,10,,1018.2,
2023-03-01 00:00:00,24.6,18.9,31.3,,,,10,,1014.8,
2023-03-02 00:00:00,24,18.7,30.6,,,,9,,1012.8,
2023-03-03 00:00:00,23.8,20.8,27.7,,,,9.2,,1011.3,
2023-03-04 00:00:00,23.4,20.6,26.8,,,,11.3,,1010,
2023-03-05 00:00:00,22.8,19.6,26.9,,,,12.6,,1011.8,
2023-03-06 00:00:00,21.6,19.5,23.4,,,,10.1,,1011.1,
2023-03-07 00:00:00,23.2,19.3,28.3,,,,9.6,,1008.4,
2023-03-08 00:00:00,25.5,20.1,32.5,,,,10,,1010.6,
2023-03-09 00:00:00,25,20.3,31.4,,,,8.8,,1013.4,
2023-03-10 00:00:00,25.3,19.7,31.5,,,,9.4,,1015.1,
2023-03-11 00:00:00,25.4,20,30.9,,,,10.9,,1014.8,
2023-03-12 00:00:00,25.1,19.6,31.2,,,,14.2,,1015.5,
2023-03-13 00:00:00,25.8,21,31.5,,,,12.8,,1015.5,
2023-03-14 00:00:00,24.8,20.2,30.8,,,,11.9,,1015,
2023-03-15 00:00:00,25.5,21.1,30.7,,,,11.9,,1014.9,
2023-03-16 00:00:00,26.1,21,32,,,,10.4,,1014.3,
2023-03-17 00:00:00,26,19.9,33.3,,,,9.2,,1014.2,
2023-03-18 00:00:00,26.2,20.1,33.8,,,,8.8,,1014.3,
2023-03-19 00:00:00,25.6,18.5,33.3,,,,8.5,,1013.1,
2023-03-20 00:00:00,25.3,20.2,31.7,,,,9.4,,1013.4,
2023-03-21 00:00:00,24.2,20.8,29.3,,,,8.2,,1015.8,
2023-03-22 00:00:00,23.8,20.9,28,,,,10.9,,1017.7,
2023-03-23 00:00:00,24.3,19.9,30.7,,,,9.6,,1016.2,
2023-03-24 00:00:00,23.7,19.9,28.3,,,,9.7,,1016.4,
2023-03-25 00:00:00,23.6,20,27.6,,,,9.5,,1013.2,
2023-03-26 00:00:00,22.3,19.5,26.5,,,,14.1,,1013.9,
2023-03-27 00:00:00,20.7,16.5,26.2,,,,8.5,,1017.8,
2023-03-28 00:00:00,22.3,15.1,30.8,,,,8.5,,1014,
2023-03-29 00:00:00,24.3,19.2,30.1,,,,8.5,,1012.6,
2023-03-30 00:00:00,23.2,19.7,28.3,,,,8.8,,1014.2,
2023-03-31 00:00:00,23.2,18.2,29.5,,,,10.2,,1014.4,
2023-04-01 00:00:00,18.8,15.5,22.3,,,,12.3,,1017.3,
2023-04-02 00:00:00,17.7,11.1,25.8,,,,7.4,,1017.2,
2023-04-03 00:00:00,20.5,12.8,29.3,,,,7.6,,1014.4,
2023-04-04 00:00:00,21.1,15.8,27.4,,,,8.1,,1013.9,
2023-04-05 00:00:00,20.2,16.3,24.6,,,,10.3,,1016.3,
2023-04-06 00:00:00,19.3,17.7,22.2,,,,11.5,,1017,
2023-04-07 00:00:00,18.9,16.6,21.9,,,,10,,1016.6,
2023-04-08 00:00:00,19.9,16.1,24.6,,,,9.6,,1017.7,
2023-04-09 00:00:00,21.4,15.9,28.3,,,,7.8,,1017.6,
2023-04-10 00:00:00,22.5,16.9,29.5,,,,7.8,,1017.8,
2023-04-11 00:00:00,23.4,17.1,31.3,,,,7.7,,1014.5,
2023-04-12 00:00:00,23.7,17.7,30.7,,,,9.2,,1011,
2023-04-13 00:00:00,20,17.5,23,,,,8.7,,1012,
2023-04-14 00:00:00,18,16.1,20.4,,,,11.2,,1015.7,
2023-04-15 00:00:00,18.8,15.1,23.3,,,,10.7,,1017,
2023-04-16 00:00:00,19.8,16,24.1,,,,6.5,,1013.9,
2023-04-17 00:00:00,18.9,16.9,21.9,,,,8.9,,1008.4,
2023-04-18 00:00:00,16.8,13.1,22.3,,,,7.1,,1006.2,
2023-04-19 00:00:00,14,11.8,17.1,,,,19.1,,1008,
2023-04-20 00:00:00,12.7,8.1,19.4,,,,10.4,,1017.6,
2023-04-21 00:00:00,15.2,7.2,24.4,,,,6.9,,1020.5,
2023-04-22 00:00:00,18.1,12.2,25.7,,,,6.5,,1019.9,
2023-04-23 00:00:00,19,13.3,26.1,,,,8.6,,1020.2,
2023-04-24 00:00:00,20.4,16,26.9,,,,9.3,,1019.6,
2023-04-25 00:00:00,19.9,15.6,25.2,,,,7.9,,1017.2,
2023-04-26 00:00:00,19.5,17.4,22.8,,,,8.8,,1014,
2023-04-27 00:00:00,17.8,14.5,23.2,,,,8.3,,1014.8,
2023-04-28 00:00:00,17.1,12.1,24.3,,,,4.9,,1017.2,
2023-04-29 00:00:00,18.4,11.2,27,,,,6.5,,1017.1,
2023-04-30 00:00:00,20,13.9,28.4,,,,7.3,,1015.6,
2023-05-01 00:00:00,20.2,14.7,26.6,,,,6.6,,1015.8,
2023-05-02 00:00:00,18.8,17.1,21.2,,,,8.6,,1015.2,
2023-05-03 00:00:00,18.4,16.4,20.8,,,,10.2,,1015,
2023-05-04 00:00:00,19.5,17.2,22.6,,,,8.2,,1016.3,
2023-05-05 00:00:00,19.5,18,21.5,,,,7.6,,1018.2,
2023-05-06 00:00:00,21.5,17.9,26.5,,,,7.1,,1016.8,
2023-05-07 00:00:00,22.4,19.4,26,,,,7.9,,1014.2,
2023-05-08 00:00:00,19,15.8,21.6,,,,10.4,,1016.6,
2023-05-09 00:00:00,15.7,11.1,22.2,,,,6.5,,1020.1,
2023-05-10 00:00:00,14.1,10,20.1,,,,5.3,,1019.2,
2023-05-11 00:00:00,12.4,9.3,17,,,,7.4,,1019.4,
2023-05-12 00:00:00,12.6,8.7,18.3,,,,4.8,,1021.2,
2023-05-13 00:00:00,12.6,6.9,20.4,,,,4.5,,1020,
2023-05-14 00:00:00,14.6,8.6,22.5,,,,6,,1020.6,
2023-05-15 00:00:00,15.7,9.9,23.8,,,,8.2,,1020.4,
2023-05-16 00:00:00,15.3,9.8,22.5,,,,5.3,,1020.6,
2023-05-17 00:00:00,16.4,9.2,25.8,,,,6,,1019,
2023-05-18 00:00:00,17.9,11.1,27.1,,,,5.1,,1019.6,
2023-05-19 00:00:00,17.5,10.6,26.6,,,,4.7,,1018.5,
2023-05-20 00:00:00,17.5,11.5,24.9,,,,5.5,,1017.2,
2023-05-21 00:00:00,17.1,13.5,22.1,,,,6.4,,1015.6,
2023-05-22 00:00:00,18.3,15.1,23.7,,,,6.5,,1016,
2023-05-23 00:00:00,19.9,14.3,28,,,,5.3,,1018.6,
2023-05-24 00:00:00,20.3,14.4,28.4,,,,6.4,,1018.1,
2023-05-25 00:00:00,20.1,14.7,28,,,,7.1,,1017.5,
2023-05-26 00:00:00,20.8,15.5,28.2,,,,9,,1014.8,
2023-05-27 00:00:00,19,16.9,21.7,,,,7,,1017.3,
2023-05-28 00:00:00,13.9,11.7,16.5,,,,10.4,,1023.1,
2023-05-29 00:00:00,13,8.7,19.8,,,,6.6,,1022.6,
2023-05-30 00:00:00,15.3,10.8,22.2,,,,6.7,,1021.4,
2023-05-31 00:00:00,16.1,11.8,22.9,,,,4.6,,1020.5,
2023-06-01 00:00:00,16.2,11.2,24,,,,4.4,,1021.5,
2023-06-02 00:00:00,16.9,10.9,26.1,,,,5.1,,1019.3,
2023-06-03 00:00:00,17.2,11.1,25.9,,,,5.8,,1017.8,
2023-06-04 00:00:00,17.5,12,25.3,,,,5.6,,1019.7,
2023-06-05 00:00:00,16.8,13.9,22.1,,,,6,,1022.1,
2023-06-06 00:00:00,16.3,10.8,24.7,,,,5.4,,1020.6,
2023-06-07 00:00:00,17.6,12.2,25.8,,,,5.5,,1019.4,
2023-06-08 00:00:00,18.4,12.8,27.6,,,,5.5,,1018.3,
2023-06-09 00:00:00,19.3,13.3,28.3,,,,7.7,,1014.1,
2023-06-10 00:00:00,20,15.2,26.2,,,,9.4,,1012,
2023-06-11 00:00:00,13.2,9.9,18,,,,10.7,,1017.6,
2023-06-12 00:00:00,7.7,5.3,11.4,,,,8.1,,1024.4,
2023-06-13 00:00:00,7,2.2,12.2,,,,7.5,,1029.1,
2023-06-14 00:00:00,10.6,7.5,13.5,,,,8.9,,1026,
2023-06-15 00:00:00,12.7,10.8,14.9,,,,11.7,,1019.6,
2023-06-16 00:00:00,13.3,12.2,14.8,,,,18.7,,1018,
2023-06-17 00:00:00,11.3,8.4,15.1,,,,10.1,,1024.2,
2023-06-18 00:00:00,9.1,5.5,15,,,,6.5,,1025.1,
2023-06-19 00:00:00,9.9,3.1,18.8,,,,5.6,,1024.6,
2023-06-20 00:00:00,12.7,7.2,20.9,,,,5.1,,1021.4,
2023-06-21 00:00:00,13.6,10,18.1,,,,6.5,,1017.5,
2023-06-22 00:00:00,16.5,13.9,20.8,,,,8.6,,1014.8,
2023-06-23 00:00:00,16.7,14.4,20.2,,,,7.5,,1013.6,
2023-06-24 00:00:00,19.6,14.8,27.2,,,,7.3,,1013.9,
2023-06-25 00:00:00,20.2,15.9,26.4,,,,7.5,,1016,
2023-06-26 00:00:00,20.5,16.2,28,,,,7.2,,1016.5,
2023-06-27 00:00:00,19.4,14.7,26.8,,,,8.5,,1015.4,
2023-06-28 00:00:00,16.6,13,21.5,,,,9.7,,1018.6,
2023-06-29 00:00:00,11.6,8.8,16.8,,,,7.4,,1026.2,
2023-06-30 00:00:00,12.7,7,18.9,,,,5.8,,1023.7,
2023-07-01 00:00:00,14.7,10.7,20.3,,,,4.8,,1021.9,
2023-07-02 00:00:00,15.7,11.8,21.8,,,,6.8,,1020.2,
2023-07-03 00:00:00,16.2,11.7,23.7,,,,7.2,,1020.8,
2023-07-04 00:00:00,16.3,11.4,24.7,,,,5.9,,1020.5,
2023-07-05 00:00:00,15.6,10.4,23.5,,,,5.9,,1018.8,
2023-07-06 00:00:00,17.5,11,26.2,,,,7.3,,1015,
2023-07-07 00:00:00,16.7,15.2,18.8,,,,7.8,,1013.8,
2023-07-08 00:00:00,16,14.4,18.4,,,,10.4,,1013.1,
2023-07-09 00:00:00,16,11,22.6,,,,7.7,,1016.2,
2023-07-10 00:00:00,16.7,13.9,20.4,,,,6.9,,1014.9,
2023-07-11 00:00:00,15.2,13.4,17.5,,,,12.1,,1015.6,
2023-07-12 00:00:00,16.4,14.3,18.9,,,,15.5,,1006.3,
2023-07-13 00:00:00,12.3,9.3,16.1,,,,28.7,,1007.5,
2023-07-14 00:00:00,8.5,5.9,12.4,,,,9.2,,1022.7,
2023-07-15 00:00:00,9.4,3.3,17.7,,,,4.8,,1020.2,
2023-07-16 00:00:00,11.4,6.9,18.3,,,,6.9,,1018.8,
2023-07-17 00:00:00,9.2,6.5,13.7,,,,7,,1022.7,
2023-07-18 00:00:00,7.6,3.3,13.6,,,,8.2,,1028.5,
2023-07-19 00:00:00,10.1,4.6,17.3,,,,12,,1031.1,
2023-07-20 00:00:00,14.5,8.7,21,,,,10.1,,1026.3,
2023-07-21 00:00:00,18.7,13.5,27.7,,,,9.6,,1022.1,
2023-07-22 00:00:00,19.4,13.6,28.1,,,,10.1,,1018.6,
2023-07-23 00:00:00,20.2,14.8,28.7,,,,8,,1020.1,
2023-07-24 00:00:00,18.6,15.4,23.5,,,,8.3,,1021.6,
2023-07-25 00:00:00,18.3,14.9,22.9,,,,6.7,,1016.9,
2023-07-26 00:00:00,18.6,15.5,22.9,,,,12.3,,1014.8,
2023-07-27 00:00:00,13.9,11.2,17.4,,,,8.8,,1022.3,
2023-07-28 00:00:00,11.4,9,14.8,,,,9.4,,1024.5,
2023-07-29 00:00:00,10.3,5.9,16.9,,,,6.9,,1026.6,
2023-07-30 00:00:00,13.1,6.3,23.1,,,,5.4,,1023.1,
2023-07-31 00:00:00,16.4,10.2,25.1,,,,4.8,,1022.7,
2023-08-01 00:00:00,17.7,11.5,27.2,,,,5.5,,1021.6,
2023-08-02 00:00:00,18.8,12.1,28.2,,,,5.8,,1018.5,
2023-08-03 00:00:00,17.9,13.8,23.2,,,,7.4,,1019.6,
2023-08-04 00:00:00,19.1,13.3,27.1,,,,6.7,,1017.7,
2023-08-05 00:00:00,19.4,15.5,24.9,,,,6.2,,1019.1,
2023-08-06 00:00:00,21.2,15.3,30.3,,,,8.6,,1015.9,
2023-08-07 00:00:00,16.7,13.5,19,,,,10.3,,1019.7,
2023-08-08 00:00:00,14.1,10.6,18.7,,,,16.2,,1025.9,
2023-08-09 00:00:00,14.6,11.8,17,,,,15.9,,1020.2,
2023-08-10 00:00:00,18.9,14.2,25.3,,,,8.6,,1013.9,
2023-08-11 00:00:00,20.1,17.4,24.6,,,,10.7,,1012.8,
2023-08-12 00:00:00,14.6,8.7,18.2,,,,9.6,,1020.7,
2023-08-13 00:00:00,8.8,4.5,15.2,,,,7.2,,1025.6,
2023-08-14 00:00:00,11.8,3.5,21.8,,,,4.7,,1021.2,
2023-08-15 00:00:00,16.3,8.1,27.8,,,,5.8,,1018.8,
2023-08-16 00:00:00,19.4,11.5,30,,,,6.6,,1017.1,
2023-08-17 00:00:00,21.9,14.9,31.2,,,,8.5,,1013.1,
2023-08-18 00:00:00,20,16.1,25.6,,,,11.9,,1007,
2023-08-19 00:00:00,14.4,10.7,19,,,,11.7,,1011.2,
2023-08-20 00:00:00,15.2,8.9,22.7,,,,8.4,,1009.7,
2023-08-21 00:00:00,17.4,12.4,24.7,,,,7.2,,1010.1,
2023-08-22 00:00:00,20.5,15,26.2,,,,12.5,,1003.5,
2023-08-23 00:00:00,21.2,19.1,24.1,,,,10,,1003,
2023-08-24 00:00:00,15.2,10.9,18.6,,,,11.2,,1011.5,
2023-08-25 00:00:00,10.8,6.1,17,,,,8.6,,1017.3,
2023-08-26 00:00:00,9.2,4.3,15.9,,,,8.5,,1022.3,
2023-08-27 00:00:00,8.2,2.7,14.6,,,,7.8,,1026.1,
2023-08-28 00:00:00,8.8,2.1,17.3,,,,8.6,,1024.9,
2023-08-29 00:00:00,13.2,5.8,22.2,,,,7.9,,1022.4,
2023-08-30 00:00:00,15.4,8.6,24.7,,,,6.2,,1017.6,
2023-08-31 00:00:00,17.4,10.2,26.9,,,,6.2,,1018,
2023-09-01 00:00:00,18.2,11.8,25.6,,,,9,,1015.6,
2023-09-02 00:00:00,18.5,15.7,22.1,,,,10.4,,1011.4,
2023-09-03 00:00:00,20,16.8,23.5,,,,9.4,,1010.1,
2023-09-04 00:00:00,20.4,17,22.9,,,,12.7,,1007.7,
2023-09-05 00:00:00,14.2,11.9,17.7,,,,12.8,,1021.8,
2023-09-06 00:00:00,16,8.7,24.1,,,,16,,1023.9,
2023-09-07 00:00:00,18.1,14.2,22.6,,,,15.8,,1016.8,
2023-09-08 00:00:00,18.9,16.9,21.7,,,,9.3,,1014,
2023-09-09 00:00:00,17,15.4,19.2,,,,8.6,,1016.9,
2023-09-10 00:00:00,19,13,25.6,,,,7.6,,1017.4,
2023-09-11 00:00:00,23.4,16.7,31.6,,,,9.2,,1012.4,
2023-09-12 00:00:00,20.3,16.9,24,,,,10.1,,1012.9,
2023-09-13 00:00:00,15.3,13.7,16.7,,,,13.4,,1010.5,
2023-09-14 00:00:00,12.5,9.5,16.1,,,,14.8,,1018.7,
2023-09-15 00:00:00,13.1,5.7,21.6,,,,6.9,,1018.9,
2023-09-16 00:00:00,18.9,9.6,29.6,,,,8.9,,1012.3,
2023-09-17 00:00:00,23.9,14.9,33.7,,,,7.9,,1011.5,
2023-09-18 00:00:00,24.6,20.3,29.8,,,,9.3,,1012.1,
2023-09-19 00:00:00,20.6,18.1,22.8,,,,8.9,,1015.5,
2023-09-20 00:00:00,22.7,18.6,28.7,,,,7.3,,1015.9,
2023-09-21 00:00:00,24.4,19,30.8,,,,8.6,,1012.6,
2023-09-22 00:00:00,22.2,19.8,25.5,,,,7.6,,1012.4,
2023-09-23 00:00:00,21.6,18.3,25,,,,8.6,,1010.6,
2023-09-24 00:00:00,20.7,18.6,22.1,,,,9.7,,1011.3,
2023-09-25 00:00:00,17.5,16,18.3,,,,12.7,,1013.9,
2023-09-26 00:00:00,17.7,15.2,20,,,,13,,1007.4,
2023-09-27 00:00:00,15.3,12.9,17.8,,,,13.1,,1013.6,
2023-09-28 00:00:00,15.3,9.3,21.9,,,,13.8,,1018.3,
2023-09-29 00:00:00,19.1,13.3,26.1,,,,10.2,,1017.3,
2023-09-30 00:00:00,18.3,16.3,21,,,,7.9,,1016.5,
2023-10-01 00:00:00,16.1,12.9,20.9,,,,9.9,,1016.2,
2023-10-02 00:00:00,15.2,9.6,21.4,,,,8.5,,1014.2,
2023-10-03 00:00:00,17.9,10,25.8,,,,8.6,,1009.9,
2023-10-04 00:00:00,19.9,18.5,21.7,,,,11.1,,1005.8,
2023-10-05 00:00:00,17.6,14.9,21.8,,,,9.2,,1010.3,
2023-10-06 00:00:00,17.8,13,22,,,,8.6,,1010.5,
2023-10-07 00:00:00,18.1,17.1,19,,,,12.2,,1014,
2023-10-08 00:00:00,16.5,15.3,17.7,,,,10.9,,1016.4,
2023-10-09 00:00:00,17.7,14.7,22.5,,,,9.4,,1017.8,
2023-10-10 00:00:00,20,12.9,28.4,,,,8.8,,1015.9,
2023-10-11 00:00:00,18.6,16.7,20.5,,,,10,,1012.2,
2023-10-12 00:00:00,14.3,12.3,16.6,,,,12.5,,1016.5,
2023-10-13 00:00:00,13.5,9.8,17.9,,,,11,,1021.5,
2023-10-14 00:00:00,16.3,10,23.5,,,,12.4,,1021,
2023-10-15 00:00:00,19.6,14,26.3,,,,11.7,,1018,
2023-10-16 00:00:00,20.1,17.5,22.9,,,,10.7,,1013.3,
2023-10-17 00:00:00,19.2,16.9,20.7,,,,9.5,,1014.1,
2023-10-18 00:00:00,16.3,13.7,19.1,,,,12.6,,1019.9,
2023-10-19 00:00:00,17.9,13.9,22.6,,,,14,,1018.6,
2023-10-20 00:00:00,20.2,15.2,26.6,,,,9.3,,1017.4,
2023-10-21 00:00:00,21,14.8,28.1,,,,9.7,,1016.7,
2023-10-22 00:00:00,22.7,16.7,29.9,,,,8,,1013.7,
2023-10-23 00:00:00,22.2,18.6,26.7,,,,8.1,,1011.4,
2023-10-24 00:00:00,22.3,19.1,26.6,,,,9.6,,1009,
2023-10-25 00:00:00,19.1,16.4,22.4,,,,9.4,,1010.8,
2023-10-26 00:00:00,17.6,13.6,22.6,,,,9.3,,1010.3,
2023-10-27 00:00:00,19.8,13.2,26.8,,,,9.6,,1008.1,
2023-10-28 00:00:00,20.6,19.2,22.9,,,,10.1,,1004.6,
2023-10-29 00:00:00,23.5,19,29.4,,,,10.1,,1004.1,
2023-10-30 00:00:00,22.2,19,25.7,,,,8.6,,1008.3,
2023-10-31 00:00:00,21,18.4,24.6,,,,12.7,,1011.8,
2023-11-01 00:00:00,20.3,17.7,24,,,,18.1,,1013.7,
2023-11-02 00:00:00,18.7,16.9,20.5,,,,18.7,,1010.3,
2023-11-03 00:00:00,17.9,14.9,20.1,,,,16.2,,1004.7,
2023-11-04 00:00:00,15.4,12.4,19.8,,,,23.6,,1013.1,
2023-11-05 00:00:00,16.4,9.1,23.7,,,,8.4,,1016.7,
2023-11-06 00:00:00,20.5,12.9,29.4,,,,10,,1016.8,
2023-11-07 00:00:00,23.5,15.3,32.6,,,,9.3,,1013.8,
2023-11-08 00:00:00,24.7,18.8,31.3,,,,9.3,,1011.1,
2023-11-09 00:00:00,22.1,20,25,,,,9.9,,1013.3,
2023-11-10 00:00:00,23.5,19,29.4,,,,11.8,,1011.8,
2023-11-11 00:00:00,24.9,21.2,30.4,,,,12.1,,1006,
2023-11-12 00:00:00,24.3,22.1,27.1,,,,9.4,,1008.1,
2023-11-13 00:00:00,21.1,19.3,23.1,,,,9.3,,1008.4,
2023-11-14 00:00:00,20.9,19.2,23.3,,,,8.6,,1009.5,
2023-11-15 00:00:00,22.1,19.1,25.3,,,,10.3,,1007,
2023-11-16 00:00:00,22.1,20.7,23.9,,,,10,,1005.1,
2023-11-17 00:00:00,21.8,20,24.2,,,,10.9,,1004.1,
2023-11-18 00:00:00,20.4,18.7,22.2,,,,11.9,,1004.5,
2023-11-19 00:00:00,20.8,16.3,26.1,,,,8.6,,1013.9,
2023-11-20 00:00:00,22,15.6,29.7,,,,9,,1013.8,
2023-11-21 00:00:00,25.1,17.7,33.1,,,,11,,1009.3,
2023-11-22 00:00:00,23.2,21,25.7,,,,10,,1007.3,
2023-11-23 00:00:00,20.6,18.3,23.6,,,,11.7,,1015,
2023-11-24 00:00:00,20.1,14.5,25.6,,,,10.4,,1020.7,
2023-11-25 00:00:00,20.2,15,25.7,,,,11.6,,1019.4,
2023-11-26 00:00:00,22.2,16.3,29.1,,,,10.1,,1015.3,
2023-11-27 00:00:00,23.5,18.7,28.5,,,,10.1,,1015.4,
2023-11-28 00:00:00,22,20.5,24,,,,13,,1012.1,
2023-11-29 00:00:00,23.9,18.7,29.3,,,,11.4,,1009.2,
2023-11-30 00:00:00,25.2,20.6,31,,,,10.9,,1010.2,
2023-12-01 00:00:00,26.9,20.4,34.2,,,,10.7,,1009.7,
2023-12-02 00:00:00,27.1,23.7,32.2,,,,10.9,,1008.8,
2023-12-03 00:00:00,24.9,21.5,28.9,,,,9.9,,1010.4,
2023-12-04 00:00:00,20.8,19.7,22.7,,,,16.8,,1016,
2023-12-05 00:00:00,21.7,17.2,25.2,,,,18.4,,1016.5,
2023-12-06 00:00:00,23.6,20.7,27,,,,12.9,,1011.2,
2023-12-07 00:00:00,23.7,21.9,26.3,,,,13.8,,1009.8,
2023-12-08 00:00:00,20.9,18.5,23.8,,,,12.8,,1016.9,
2023-12-09 00:00:00,20.6,14.6,26.4,,,,15.1,,1016.4,
2023-12-10 00:00:00,21.8,17.5,27,,,,12,,1013.6,
2023-12-11 00:00:00,23,18.6,28.2,,,,11.3,,1012.7,
2023-12-12 00:00:00,24.8,18.4,32.2,,,,11.1,,1014.2,
2023-12-13 00:00:00,26,20,32.6,,,,11.7,,1011.2,
2023-12-14 00:00:00,27.7,22,33.9,,,,11.6,,1009,
2023-12-15 00:00:00,28.1,21.6,35,,,,10.4,,1011.2,
2023-12-16 00:00:00,27.4,21.9,33.3,,,,9.9,,1011.7,
2023-12-17 00:00:00,29.4,23.6,36.2,,,,12.2,,1008.6,
2023-12-18 00:00:00,28.9,25.1,34.2,,,,10.8,,1008.2,
2023-12-19 00:00:00,25.6,23.6,29,,,,11,,1009.8,
2023-12-20 00:00:00,24.6,20.2,28.8,,,,14.1,,1011.9,
2023-12-21 00:00:00,25.5,20.3,32.2,,,,10.6,,1011.7,
2023-12-22 00:00:00,26,21.6,31,,,,9.3,,1011,
2023-12-23 00:00:00,24.6,21.5,27.9,,,,9.4,,1011.2,
2023-12-24 00:00:00,25.3,21,30,,,,9.9,,1011.6,
2023-12-25 00:00:00,23.7,21.2,26.4,,,,16.1,,1009.3,
2023-12-26 00:00:00,21.4,17.7,25.4,,,,12.4,,1014.6,
2023-12-27 00:00:00,21.7,14.9,28.9,,,,10,,1016,
2023-12-28 00:00:00,25.4,17.7,33,,,,13.1,,1009.9,
2023-12-29 00:00:00,23.7,21.3,25.6,,,,13.8,,1009.3,
2023-12-30 00:00:00,21.8,18.4,25.7,,,,11.8,,1016,
2023-12-31 00:00:00,20.7,15.9,25.6,,,,10.8,,1015.6,
2024-01-01 00:00:00,23.5,17.1,30.3,,,,11.2,,1013.2,
2024-01-02 00:00:00,23.5,20.4,27.3,,,,10.7,,1010.6,
2024-01-03 00:00:00,22.6,19.1,26.5,,,,11.8,,1011.8,
2024-01-04 00:00:00,22.8,18.3,26.9,,,,14.9,,1013.6,
2024-01-05 00:00:00,23.8,19.2,29.4,,,,14.4,,1012.6,
2024-01-06 00:00:00,25.4,19.5,32.4,,,,12.2,,1010.8,
2024-01-07 00:00:00,27.4,22,34,,,,11.9,,1008.4,
2024-01-08 00:00:00,26.6,22.3,31.2,,,,13.2,,1008.7,
2024-01-09 00:00:00,26.3,22.2,30.9,,,,10,,1011.2,
2024-01-10 00:00:00,26.8,22,33,,,,9.8,,1010.5,
2024-01-11 00:00:00,24.5,22.8,26.7,,,,10,,1010.7,
2024-01-12 00:00:00,23.3,20.6,26.5,,,,14,,1013.9,
2024-01-13 00:00:00,23.8,18,30.6,,,,13,,1014.1,
2024-01-14 00:00:00,25.5,19.9,32,,,,12.7,,1012.1,
2024-01-15 00:00:00,25.4,20.5,31,,,,10.5,,1011,
2024-01-16 00:00:00,27.5,21.9,34.1,,,,10.8,,1009.5,
2024-01-17 00:00:00,24.1,22.8,25.7,,,,11.1,,1011.4,
2024-01-18 00:00:00,24.4,21.2,28.4,,,,11.9,,1010.4,
2024-01-19 00:00:00,26.2,21.8,31.3,,,,11.8,,1008.7,
2024-01-20 00:00:00,24.8,23.2,26.7,,,,11.2,,1010.2,
2024-01-21 00:00:00,23.6,21.1,26.7,,,,14,,1015.7,
2024-01-22 00:00:00,22.6,19,26.3,,,,16.9,,1018.2,
2024-01-23 00:00:00,22.5,18.5,26.6,,,,18.8,,1017.8,
2024-01-24 00:00:00,21.4,18.3,24.2,,,,16.1,,1017,
2024-01-25 00:00:00,21.6,17.3,25.8,,,,15.1,,1017.5,
2024-01-26 00:00:00,21,16.7,24.4,,,,13,,1018.4,
2024-01-27 00:00:00,20.8,17,24.7,,,,11.6,,1015.9,
2024-01-28 00:00:00,21.8,17.4,25.8,,,,9.3,,1013.9,
2024-01-29 00:00:00,22.5,17.7,27,,,,9.1,,1012.6,
2024-01-30 00:00:00,23.7,18.6,29.1,,,,10,,1012.1,
2024-01-31 00:00:00,24.3,17.7,31.2,,,,9.8,,1013.5,
2024-02-01 00:00:00,25,18.6,32.3,,,,11.5,,1016.1,
2024-02-02 00:00:00,25.3,19.2,32.6,,,,12.7,,1017.3,
2024-02-03 00:00:00,26.8,20.2,34,,,,12,,1014.7,
2024-02-04 00:00:00,26.8,22.1,31.2,,,,11,,1014.6,
2024-02-05 00:00:00,27.4,22.1,33.1,,,,10.4,,1015.7,
2024-02-06 00:00:00,26.7,21.8,32.6,,,,11,,1015.9,
2024-02-07 00:00:00,27.3,21.3,33.9,,,,11.2,,1013.6,
2024-02-08 00:00:00,27.8,21.8,35.1,,,,11.1,,1012,
2024-02-09 00:00:00,27.9,22.7,34.8,,,,12,,1013,
2024-02-10 00:00:00,28.4,23.1,35.2,,,,12.7,,1013.8,
2024-02-11 00:00:00,28.7,23.5,35,,,,11.8,,1014.4,
2024-02-12 00:00:00,28.8,24.2,34.2,,,,12,,1012.4,
2024-02-13 00:00:00,23.9,21.7,25.9,,,,12,,1014.2,
2024-02-14 00:00:00,21.2,18.9,24.2,,,,14.9,,1018.1,
2024-02-15 00:00:00,22.5,18,27.2,,,,15.3,,1016.9,
2024-02-16 00:00:00,21.8,19.5,23.8,,,,13.1,,1014.5,
2024-02-17 00:00:00,23.9,20.3,28.9,,,,11.4,,1012.9,
2024-02-18 00:00:00,25.5,20.8,31.6,,,,11.4,,1011.9,
2024-02-19 00:00:00,24.7,21.2,28.6,,,,9.5,,1009.5,
2024-02-20 00:00:00,23.6,19.5,28.2,,,,11.1,,1009.1,
2024-02-21 00:00:00,23.9,18.6,29.8,,,,10.1,,1009.7,
2024-02-22 00:00:00,25.1,19.9,31.4,,,,9.7,,1008.9,
2024-02-23 00:00:00,26,20.7,32.6,,,,9.3,,1011.2,
2024-02-24 00:00:00,26.6,21.8,31.8,,,,9.9,,1016.8,
2024-02-25 00:00:00,25.3,21.4,29.7,,,,15.4,,1020.3,
2024-02-26 00:00:00,24.7,22.5,28.1,,,,13.3,,1017.1,
2024-02-27 00:00:00,24.4,22.4,27.6,,,,11.4,,1010.6,
2024-02-28 00:00:00,24.8,22.4,28.3,,,,8.5,,1012.5,
2024-02-29 00:00:00,24.8,21.7,29.4,,,,8.4,,1013.4,
2024-03-01 00:00:00,25,20.9,30.6,,,,9.8,,1014,
2024-03-02 00:00:00,26,20.3,32.8,,,,9.6,,1012.4,
2024-03-03 00:00:00,24.9,21.7,29.7,,,,9,,1012,
2024-03-04 00:00:00,21.3,19.7,23,,,,11.4,,1014.8,
2024-03-05 00:00:00,20.5,17.4,25.3,,,,10.7,,1015.6,
2024-03-06 00:00:00,20.7,14.9,27,,,,9.6,,1016.1,
2024-03-07 00:00:00,23.2,17.6,29.6,,,,10.8,,1016,
2024-03-08 00:00:00,23.4,21.3,26.5,,,,10.8,,1013.7,
2024-03-09 00:00:00,25.2,21.6,30.2,,,,8.7,,1011.2,
2024-03-10 00:00:00,24.6,20.9,30,,,,9.2,,1014.5,
2024-03-11 00:00:00,24.2,17.9,32.5,,,,9.9,,1016.4,
2024-03-12 00:00:00,25,19.1,33.2,,,,8.8,,1015.3,
2024-03-13 00:00:00,25.9,19.6,34.5,,,,8.8,,1013.3,
2024-03-14 00:00:00,26.8,19.8,35.6,,,,9.2,,1011.5,
2024-03-15 00:00:00,24.9,21.3,29.5,,,,8.2,,1010.4,
2024-03-16 00:00:00,25.1,21.8,29.8,,,,8.6,,1008.1,
2024-03-17 00:00:00,23.8,21.7,27.3,,,,8.2,,1010.7,
2024-03-18 00:00:00,25.3,20.9,31.6,,,,8.8,,1010.6,
2024-03-19 00:00:00,25.6,22.9,29.9,,,,8.3,,1010.3,
2024-03-20 00:00:00,26.8,22,33.8,,,,9.6,,1006.2,
2024-03-21 00:00:00,22.9,19.3,25.2,,,,12.8,,1008.4,
2024-03-22 00:00:00,18.8,15.7,23.7,,,,13.1,,1021.7,
2024-03-23 00:00:00,19.4,13.5,26.7,,,,14.1,,1021.4,
2024-03-24 00:00:00,21.7,16.1,29.2,,,,8.3,,1017.1,
2024-03-25 00:00:00,21.6,16.5,28.6,,,,8,,1015.8,
2024-03-26 00:00:00,20.9,16,26.9,,,,8.9,,1017,
2024-03-27 00:00:00,21.9,16.4,29.5,,,,9.3,,1016.6,
2024-03-28 00:00:00,22.8,18.3,29.7,,,,7.6,,1016.9,
2024-03-29 00:00:00,22.6,19.5,28.6,,,,7.9,,1016.3,
2024-03-30 00:00:00,23,17.9,30.6,,,,7.9,,1014.5,
2024-03-31 00:00:00,23.4,18,30.7,,,,7.4,,1013.2,
